,y,x1,x2,x3
0,1.4847152228843963,1.1683831927605874,1.3293582768387675,1.424521062703016
1,0.2193083560951505,-4.581932161973491,-1.708602429610004,-4.703178541019817
2,3.769865136918459,3.6675160032698013,0.5456180474056517,4.471340766382505
3,1.1695862210873924,-0.030729210526391163,-0.7839179017342792,0.7600059184582487
4,0.1970216185403083,-4.0922582546556905,1.6765980841467136,-5.146657024560042
5,0.5915083579291381,-1.6561830522854197,-0.7323311284748757,-1.1925718888052086
6,1.5299995099998465,1.6607002629841843,1.7230305467797336,0.9828251978683564
7,0.9294340418885381,-0.3060357383812118,0.17013378444051003,-0.460887422128194
8,0.48665892109890235,-2.343170136324712,-0.12850054349416884,-2.5535874136067647
9,1.3017985471578624,0.9888312741708778,0.7635657044791531,1.1360292626966018
10,0.9231729232570846,-0.23199648988848934,-0.16314898312073844,-0.5219765925707945
11,1.6585855905807654,1.0980362124082652,1.2101089448357685,0.8143106819421293
12,2.1046547300689826,1.3406952303692365,1.262701824522925,3.2428116917959944
13,1.903720801763989,1.9365641191368372,-0.42713092516868956,0.7979335388980595
14,0.41395672768827024,-2.495874773175624,0.4831941440503502,-2.2409774795114163
15,3.1980835787368274,3.4540474643897103,0.6893206584921246,3.1350720568473793
16,1.4340380090452496,-0.1412116471823274,-0.5191730270300352,1.2613882190198937
17,1.4898062546400976,0.44794376993647406,-0.742381506220174,0.5673513400775431
18,0.38688562519777864,-3.1533585658148864,0.5990503491800157,-2.345622784973055
19,0.9201976508950728,-0.756928906812629,1.1259525742153,0.4800133265735289
20,0.5112376118526459,-2.5760399460382364,-0.33347713336490836,-1.5951488481404557
21,1.538360001708013,0.8934852250542444,0.4953241957617516,1.0954766555059208
22,0.47585871613264963,-1.992072352453491,-0.13537811276170353,-2.0823910851814804
23,0.716528177009625,-1.1880394458067307,1.166722892753578,-1.2991663193248533
24,2.1280217705717352,2.812682464573392,0.2897537226413096,1.1353964676819008
25,4.173770808900043,4.1906656188916624,0.7710136226523211,3.4977389819224944
26,0.4881415562134547,-1.919245015060288,0.9510330323618659,-2.2503740534661585
27,0.4335976875632426,-2.6279913114842484,0.7090152307773387,-1.968683226872114
28,0.5715188567676509,-2.3681380634484293,1.1767148714169662,-1.922688434475468
29,0.8369840837970384,-0.31559013754215093,1.3911539516837368,-0.7225301475244422
30,3.33232341106959,3.7289463495500526,0.7528517606856454,3.61504549145948
31,1.3203039545134778,1.284901700432606,0.8351723011890917,1.49839284505654
32,4.263428356915442,4.960545783651961,1.9953850845295134,3.897682243720628
33,2.25716423544812,2.541110177552132,0.039156036728568155,2.1013727600154133
34,1.1353252879748712,0.24860186271953436,0.670123785177069,-0.4424798894980514
35,0.7485114814759969,-1.227307086180123,0.1639719382855771,-1.391725006821779
36,1.151599811026389,0.4040742934449962,-0.31971011166525665,0.5287461323423787
37,0.2832719150102092,-4.1519056227796485,-0.19062770298625664,-4.475472400681227
38,1.72431762132471,1.2547363889888878,0.37511957943993707,1.7110440244602074
39,0.8429217529700361,-0.3079611221184207,1.5397458146688174,-0.14285395928641448
40,1.218703011846617,0.7135796904494123,0.9570365040346582,0.4899543161119939
41,1.379039314509423,0.09504670182537225,-0.8205423994394936,0.733035451705611
42,0.48055026021160246,-2.994844755947306,0.37667340720042747,-1.7229790665923594
43,1.8303534629084344,1.7006776820300815,1.491040045780673,0.29217136725141124
44,0.7843495403873398,-1.310147054936492,0.5369854657320486,-1.112832967796718
45,0.37632338233558643,-3.471026913555931,-0.18608207038532454,-3.5340858116456113
46,0.741610829062494,-1.4310523494345793,0.6338035276813847,-0.7827548804482432
47,0.41378661177923903,-3.0159125920506105,1.1447271787570723,-2.1980470192135715
48,0.9079761603477051,-0.49379807815399535,-0.4313642131513088,-0.28902963955046557
49,1.2180570874469019,0.07934592979491469,1.7822988000761335,-0.02206630325007354
50,0.7400532059705686,-0.8628013104781473,0.5868570712633389,-1.078415136826078
51,1.3706210526515812,1.150453741490324,1.0589762665230635,0.7620071389369112
52,1.278842965075247,0.5901893565366226,0.5086447947042656,0.028226182782072895
53,0.6473200931626354,-1.0667914656621298,1.2361593131234636,-1.3484235609820783
54,0.5713763512927886,-1.4633705305120441,1.2908606466867685,-0.738315439137108
55,0.37892239191517924,-2.7253868252939277,1.9042641026233427,-3.245312754601682
56,1.9579735957270805,1.9458354187861926,0.10921340130272045,2.2421713737656286
57,1.3012416534536306,1.0288583408887664,1.0367781359397918,1.7091838937404935
58,0.5284357689506831,-2.516142948815586,0.4395101986396314,-2.1092344067025324
59,0.2832516317893873,-4.593125034811142,0.4222163478543477,-4.691438183072706
60,0.37460848775548616,-2.8233107873707235,0.7677738237913684,-3.621639050191661
61,0.4447219987158486,-3.0554287255198886,1.6827955882485703,-2.0310548732553944
62,0.8201698284768149,-1.1922452283243448,0.6569114386111052,0.13225744582112453
63,0.48442162963386715,-1.9295785521630884,0.17278372100156614,-3.69008856413995
64,0.3273244588083798,-3.2943466069101026,0.7773062767293389,-4.083329976664954
65,0.983580119712559,-0.2483445989524036,1.5294681565027133,0.5113012917117852
66,1.3502581146069905,1.260907888580563,0.9811823968885218,1.6818538299541543
67,1.8673648516460855,1.9776332825294778,0.4665494192116355,0.5288510051530859
68,2.266150192300599,2.394346763618291,0.7574697373909058,2.259353762044304
69,0.508736668741842,-1.8677911401356317,-1.1647664772204753,-2.382532388958385
70,1.8984374217486721,1.4723385799785718,-0.014736041298466174,2.188977144924983
71,1.5894716146921577,1.2433083734772798,2.5474723002951847,0.5702230857820832
72,1.0498459319672035,-0.15385486713765603,0.5362354475325438,1.4256345937601602
73,2.400595470115608,1.6757757986462338,0.4336813963650865,2.4971613781431268
74,0.28406035667970986,-3.6489855156945046,-0.2533356949023037,-4.705861571394083
75,2.282538559201929,2.2904214146319237,1.5146799975343175,2.126800177051435
76,0.7675180156166294,-1.2464336939309075,1.3140907846955758,-0.38537042805461386
77,1.191070507095666,0.08278750618924997,0.01851000637356426,0.42083729029898964
78,1.096371398230147,-0.11348860692679366,0.2766611115188131,0.02191550900277492
79,0.7987025517522075,-1.1624201688740172,0.8957184475358922,0.5378310242878488
80,1.093129892021981,0.31526883287357876,2.423046675452822,0.971324588301447
81,0.5510734222531407,-1.9333289806824192,1.3872288466945784,-1.2270793873787416
82,1.0686367258793075,-0.05806945481989563,-0.18441402347174818,-0.7931417767426867
83,4.838004407500853,3.698785046108958,0.7452393865230987,4.618770996095749
84,2.0707177080490196,1.1264444903216568,-0.4835192130514149,1.9755206060657704
85,1.8190751514302441,1.240892376238122,0.7643093321197296,2.265637775059499
86,2.0941801823014656,1.6081460415450313,1.1823335603018492,1.1323566604416384
87,0.5192060049163908,-2.5771116918985415,1.1223074238266555,-1.983125709708741
88,1.8322148238688853,1.628288247915516,1.2256972758563864,1.8243563894607386
89,3.238401570418366,2.801839781665317,0.4824195668479612,3.3589983191791175
90,1.0169134780465723,-0.014444236824453116,-0.32270335875404144,-0.13206103970570904
91,0.833776521258117,-0.2685739650788512,2.4911027942451702,-0.58232447473927
92,2.121146835632365,1.97511988013884,1.1450101630180096,2.1311803998524455
93,4.436334404733051,4.773343478280608,1.2697037012676384,4.429562485299934
94,1.3831569111787168,0.5070454943304713,-0.2907763059475139,0.5192580354442207
95,1.1388293725993088,0.19727539017692444,0.5099981389669952,1.0057186910960436
96,0.2987835107109223,-4.299211378174191,-0.7221592808964632,-3.1699225108417126
97,1.3666402119574617,0.17050131221924283,-0.5605278390893871,1.6126354139170922
98,0.45818907772698364,-2.021814173884611,0.7396282169918583,-3.012710071074026
99,0.9565343438185432,-0.8486952670978702,0.30966139618903554,-0.6010894989161617
100,1.6434355542746817,1.9300294807139424,0.3510022772169139,1.4054474009049835
101,1.162665234969837,-0.8198105418730587,1.3123290023283265,1.3191039305635948
102,1.441064642252968,0.9040174196513651,0.1907516593463876,1.0289049847867922
103,3.0156114785509254,3.050103261887582,0.24919922886556795,3.057720949599271
104,0.7653615564884593,-0.4964487417770023,1.238470549051375,0.4106421656933848
105,1.3839627900844447,-0.050147315270875646,-2.1379931261447704,-0.5975054014029964
106,1.339261184079013,0.9644710084591227,-0.1412346367660282,1.2848901668650525
107,1.2945862329867477,1.0928271339877553,1.1229001442487019,1.5534746714543641
108,2.093924152175264,2.349813707845457,2.387756521855315,2.685209940872598
109,0.5111637678620496,-2.539835872640544,0.5906868525225395,-2.2907242247456443
110,1.4088582874363709,1.104807506062915,2.360353070305293,1.255923737267525
111,0.4862808260396564,-1.593203911319754,0.10071114833877176,-2.768216268031968
112,0.7705080370075758,-0.7299619090968356,2.3761884358594596,-0.40741802147610706
113,3.1714412517819435,3.0314087900919793,0.0034213576332024487,4.447522743199725
114,2.300782328080763,2.0714379763955786,-0.6934491673030072,2.014494624828862
115,0.8149709272427007,-0.8829100328950126,0.883026523765821,-0.878207415610189
116,1.1092198729140026,0.09235406547861297,0.24344644407292154,0.223812371755079
117,0.7678873470379011,-0.8927199493753681,-0.555880795316932,-0.045020632853646214
118,0.5620610824885981,-1.3694535329736157,0.3623059163668536,-2.1797640352718117
119,0.684894727057239,-0.9027345426759765,2.807894663872006,-0.6017072096339591
120,0.2289308640467814,-4.867498894422305,0.6158531300818014,-5.2701874902107155
121,2.3755109333359594,2.218376801566183,0.13119216938432643,2.5494822134821664
122,0.5445658709908219,-2.272169939570135,-0.9938704966032774,-1.548713153887492
123,0.9627256441841091,-0.32259307726733616,1.2142963279501051,-0.39303929330364523
124,1.1567106652286978,0.24042126775295702,-0.24465970371227608,0.5595991887338114
125,1.1852490450339417,0.5721693991591587,-0.5248293265765942,-0.4672845982237085
126,2.3849840948732495,2.4156299467074964,-1.2109054461654376,3.4277270255523713
127,0.8282939226515141,-0.7128429807827937,-0.3323538427949482,-1.201625041334013
128,0.9358529780441804,0.12611985519119104,0.4680595016897215,0.1184312383816588
129,0.5942651012949602,-1.7721728948162505,0.18084402010819134,-1.6796573242326294
130,6.871684887993888,5.162394260803545,0.22666078386178773,5.727692073477678
131,0.4479003486347377,-3.1057344444447863,0.007264570860337993,-2.6602569024060996
132,1.0125288637236736,-0.7421288431861015,-1.9824285320571304,-0.5608907156976592
133,0.8854402307439452,-0.4057502076178411,0.11991780400780344,-0.2826755857547122
134,0.9474697794440264,-0.7860438950882792,-0.13853722570862448,-0.6944804914353895
135,0.7490607513764564,-0.8622827658318354,0.19964930578581147,-1.4481823129192717
136,0.568462226905204,-1.4078026566712099,0.09440043172196727,-3.35733677537918
137,1.292312053208938,0.4392491037657163,-0.4449282881241319,-0.0763592106553011
138,2.9899075768149697,2.853426837489779,0.8423817151676277,2.4908041060330834
139,0.391037985691926,-2.8445119080678585,0.2270504507980558,-2.7577887505065917
140,8.667163283473919,6.055892775301627,0.643306649098991,6.169412207741274
141,1.2986645830619226,0.5383785664095712,2.548290564831616,1.2583091875586225
142,0.6839079259154623,-1.7527455228648559,0.31240447333934995,-0.8964583429089746
143,0.3616092836151886,-3.054987821370875,1.5684995057700268,-2.020712423599246
144,1.75912934061794,1.753410045321856,1.394648161145075,1.5364651520407944
145,0.8420791921703261,-1.2309638782003562,1.3814123999809833,-0.6638528107053963
146,1.0812983324670993,0.45108321141383584,-0.20920540876417448,0.4172987632852997
147,1.7268864977714788,0.8259694631489867,-0.6919003292058117,1.3809832910757942
148,3.186586572274728,3.750321196646912,0.7457600089076865,3.613292886147032
149,4.675397280400953,4.397437698385304,0.3446073661346237,4.881317865613751
150,1.7676896197979686,2.384575629512932,0.09242068547317783,1.3234071181139822
151,0.533358804500555,-2.141417542554914,1.0285246055562176,-2.474076832415771
152,1.1416936607912143,0.38570755777770976,-1.3057359308676266,0.7432363963118283
153,1.025459166536123,-0.7196667128816409,-0.7137283030101482,-0.40752912190297297
154,3.3403077294569377,3.259188304404482,-1.4153655113371264,3.9075833131105093
155,1.0395308925240732,0.18868277302995862,1.9039022981712554,0.8011621371046829
156,0.7678634984314696,-0.8217647717584747,0.5755242596271767,-1.3359964252476253
157,1.2259532772972583,0.3854491395035972,0.5407378564006863,0.7037022715671988
158,2.5085626900673432,3.071898204618363,1.510653935623121,2.8032909354740045
159,2.600156283397227,2.227472180161654,-0.5066163007099744,2.771883349448473
160,0.4356537964752331,-2.4093083096168595,-0.19524149474388408,-3.9149894860941563
161,0.5301765289096337,-2.1113875659880486,1.2373846755053615,-1.6722551526078904
162,0.9455214068275184,0.180456761855607,2.0946232081195806,-0.39710255057938937
163,0.817888389746843,-1.1661933236837165,1.9671992219145438,-1.0944755457250386
164,0.714361799385324,-0.5776575234874045,1.8843107146339333,-0.878792302494852
165,0.4463161493257282,-1.8836140172438818,1.7035735401606351,-1.5724898469487765
166,1.0039868204480313,-0.07434369337041825,1.200033474340989,-1.0672262477455556
167,0.8537368152037091,-0.5094150923329323,0.29206754866810636,-1.919256707288211
168,3.4449736401358346,2.9663900509318535,0.7412928447333609,3.6816029099157115
169,0.6912673336358643,-1.7363133609380657,-0.4815870080798368,-0.9159874822058738
170,0.3599751134429351,-3.4048785252744724,1.1262874748828748,-2.688472663154273
171,10.033962293503562,7.516390897546062,0.6575614152350069,6.491931001913188
172,1.1985793300788785,-0.09143298757001583,2.1188225296121406,0.28040024306037414
173,1.014496778506386,-0.5068055151347969,1.0419548413842947,0.4491130197520422
174,0.8053040995113318,-0.5246822503079016,-0.015897638010647586,-1.3385536676533158
175,1.7063530548483814,1.7592936783702229,1.611697536485401,2.014918774513544
176,1.136805728942112,-0.3230772101853078,1.5540263751017762,0.5716444827210051
177,1.2758823046211558,0.26776286367108126,-0.8949068116860888,0.9548087631082313
178,1.047422686280859,0.3537037907590684,0.626272961949749,0.9922778140538948
179,0.7243969321582858,-1.22483127507508,0.12372048113916201,-1.2825086858965602
180,0.9704486250497435,-0.6122192313865168,-0.6258789227500092,-0.30355505285058165
181,1.7758468269141126,1.3545794916092202,1.2235784625309565,2.7528304038202283
182,1.6343121502762359,1.2432720346466442,-0.5836050595017446,1.0965881347111417
183,1.807444904386788,1.6673884618959376,-0.3581596715998646,2.0524942861361346
184,0.4725840801297749,-2.0586167280648096,1.3654552950860035,-3.3545483375277234
185,2.497138515766981,2.0456929672787125,-0.09027598989146146,2.062766674166518
186,0.5588507571349144,-1.6992729186833713,-1.8567640770043905,-1.1268853323603016
187,0.3911350561988034,-3.71851809485897,-0.6175887425684101,-1.9475852487859346
188,0.5663173214645393,-2.468459120067464,0.31183780909171993,-2.2781752767438186
189,0.8611324008856677,-0.7775005633150689,0.4625153204777593,-0.6860936692136564
190,1.96956029710108,1.3411081272713603,0.5407700218726973,1.7109481223744465
191,1.1487789522453877,0.32251949024546195,0.5382553503615732,0.5221729767305612
192,0.7092646969418522,-1.2767563411135021,-0.16523221471768423,-0.6406538939901941
193,1.3005010013470562,0.4213478617730699,0.3127902457194992,0.5351658439805396
194,1.0757517472619538,-0.21823075932564515,-0.5259694732915705,0.24345283256730685
195,1.4264014686648743,1.3958529293625364,0.031217328474988426,1.4844285220341105
196,0.3570304307215304,-3.132043959136915,0.6254314003074667,-3.3750626568968527
197,2.3740949219111402,1.7913383453041634,-1.6943355718324784,2.2005602177342425
198,1.0367535336271165,-0.22768837169470257,0.739546916067182,0.9921703109611929
199,1.9432066707788362,1.7785168796417412,-0.748690521843528,1.7486688788249263
200,2.028432125773402,1.4344551328777984,-0.6681940990284383,1.5776218264866115
201,0.9530826315059333,-1.0275334902095312,-0.6402067816317369,0.6336743635679278
202,1.2164733530822074,0.7161241709111539,-0.05398526292566275,1.2727776030618718
203,1.0670696529318962,-0.29024395488879623,-0.6523074629890675,-0.029986875722395778
204,1.180234769142355,0.17608210873167354,1.4925008257763976,0.10720924534698058
205,1.434070265948544,0.6089755213667385,-1.3885950719469295,0.9649642033681474
206,0.49826534512157994,-2.415281199248804,0.6720273094661343,-1.5859593019188098
207,1.4130722733120105,0.6655907784524984,1.1526061721807617,0.684723935378865
208,0.5725081693203474,-1.3623637386248837,1.6921073917140508,-0.05349985902991361
209,0.49854877139946785,-2.4994440022043065,-0.40745466971278843,-1.9451512392212575
210,0.9780606426300752,0.3757769217432945,0.9007722901153294,-1.1058358365735106
211,1.4049911953335992,0.9065244082974588,-0.05167362894444649,0.8273433456471602
212,0.9235519297256902,-0.8222773181147738,0.8670933874867002,-1.1160624080846748
213,3.7874449999612585,4.015285531864737,1.2977221116379014,4.428872374038382
214,0.5990322355969502,-1.4595365241943883,2.3571415076276434,-1.4596404858000436
215,2.2327070395823094,2.1045585300809835,-0.23038071164952734,2.4616988923798258
216,1.734880724292664,1.1809508463709448,1.0848712181432294,1.939469385083287
217,1.0030119700576843,-0.6279080938897053,0.6042706427726985,0.08729776574140569
218,0.6660761863436636,-2.2868180719725895,0.46336874929447963,-1.4702599531930267
219,1.6744209217614772,1.2979630617096427,0.3329011196782399,1.140294657125181
220,5.1607095750341445,3.736211197198454,-0.817603323301237,3.6702065757707554
221,0.9387368265653563,-0.21644525017584043,-0.3956768515248955,-0.8463426260438325
222,1.2341220861136584,0.7395614493057949,0.12327648395879348,0.7856351524493883
223,0.4993745041120925,-2.536350660497206,1.656504687484238,-2.416139017010056
224,3.8240747365008603,3.740849221154416,-1.747690151858576,3.6963894398146855
225,0.7539170406141825,-1.0524695868438698,1.8124829221934,-0.24755494629303176
226,0.7502237106211784,-1.499568891463993,-1.3857961312207274,-0.4924642703761004
227,0.321486475695542,-4.267081698722106,0.3592389815432344,-4.596320002840852
228,1.093499827013661,-0.33559134144669717,0.687102915729834,-1.24688409818157
229,0.35239154097338193,-3.4904087793532446,0.1179702689798402,-4.008440049585999
230,1.4527356489463066,0.4215230859247516,0.6378118336871453,0.5898861068452121
231,0.8802478891346236,0.018528050188404848,0.5655710523278219,-0.25257077527599037
232,0.5168535900882703,-2.322521165813273,-0.7320858247904654,-2.509654975096472
233,0.35514865743261387,-3.026624708340693,0.26842638877217057,-2.3544648477563084
234,0.8352877893576653,-0.3839618912021709,1.742719895605976,-1.0474700422314154
235,0.3954330515033743,-2.5664009596984783,0.5729002788373557,-2.555086707672071
236,0.39342305060545824,-3.232803144776179,0.2484822993632772,-3.0121929463414476
237,4.770218868870879,4.535518569628868,0.6395956820330457,3.61303781345131
238,2.9799724655464166,3.503803815870885,0.16819455581378534,2.44080148586092
239,0.8928422997911872,-0.6922832071611535,0.5800546069721173,-1.0254140989392528
240,1.271974805357782,0.857842899154864,0.5119817522475628,1.4020969784594375
241,0.5874435036010065,-1.5268761634558452,1.3884263547695808,-1.3990236370069857
242,2.0911587066630246,1.5323457689768583,0.1748251027144368,2.045421757718424
243,1.2373585473614812,0.8181955591257642,0.022445801737779436,0.6313570284719703
244,0.7022224962683612,-1.1444140892798833,0.07360098206616306,-0.8155430892236131
245,0.6290701875330937,-1.5486531193732136,-0.24268457046816794,-2.4893068571054666
246,2.5833298795524144,2.9508965133276908,-0.34417393723264433,2.783324666558899
247,1.4903605424030502,1.2189610146548182,1.6393021648722679,0.6110406955792108
248,4.9233529915123615,4.738886780522988,1.0203879204048336,5.509008640381376
249,1.1889721270964921,0.30172902418095465,1.2479249194743878,0.6352200381772428
250,2.1243698617208273,1.8849932204510886,-0.08975600419123175,2.265873720149175
251,0.21475899977513008,-4.16068398841003,1.4783186946883755,-4.343541581552763
252,1.9531852455578322,2.0461093803700665,1.5654484907285815,0.6603106062687039
253,0.3057822937467317,-3.1663626380869307,1.1083322732009102,-2.214731791934562
254,0.5576904124401006,-1.6051304200074927,0.34600303975991054,-2.636204130294475
255,1.0184764130372823,-0.11327608218284019,2.717725488051614,-0.7483022664104284
256,0.9110079570640881,-0.45457973294027815,0.42256438876179614,-0.9031674890261467
257,2.9100448450936534,3.4063790405785848,1.5613532762898612,3.251594092037048
258,1.4714907239469632,1.0953990384897891,2.9211613593166073,1.3074081368166273
259,0.8577252330261911,-0.9014693266311378,1.11331281523118,-1.1828169545085898
260,0.6970660981709633,-1.342552568563556,-0.4530032789220082,-2.4026152634255773
261,1.3399449011642854,0.9820257851765813,1.4341066082720102,0.7025322747043191
262,1.7296387983669428,1.2535260923945755,0.06483939753900414,2.4901245859531684
263,1.1571202808697338,0.3369847406506808,-1.0186489380235142,-0.29829363084396415
264,2.236075136191122,2.229018237253739,-0.5310935408478559,2.968372603617411
265,2.6269565270227226,2.3918055626673778,-0.9498237249951269,2.432732913410438
266,0.38047393769676324,-3.0515101423601836,0.5192781653822555,-2.471615334814322
267,1.4346272655449894,-0.19843467496584594,-1.374445338012956,0.8837966787855265
268,1.1683197784055117,0.30130961472280043,0.48187572841566384,0.03859736787083912
269,2.150730576303824,1.5494509512251113,-0.3089881321362389,1.0869980770515726
270,1.1163153791726044,0.22460777138810956,1.5416881855810782,0.6340933453786554
271,1.8897616490213904,2.132542424939328,-0.2224978810215279,0.9987814365857519
272,0.8197335114485693,-0.7779332381458697,1.614508704789816,-0.4762082448611779
273,0.7071003114287016,-0.47348970561187215,0.3186129708736063,-1.189316703491291
274,2.5109880424391555,3.083022051349694,0.5063648279318842,2.798155442396105
275,0.469572059447481,-2.6468862053048685,0.5204186821198892,-2.6470754970166435
276,1.7970357114228461,1.3185833675968868,0.6545395569712326,0.03862849980621896
277,0.660695583693458,-1.781804187131915,-0.7998163840588346,-1.8298330949858739
278,2.1155577316007044,1.905575821107176,-0.3910841915219022,2.3546786335645606
279,1.2338020127869984,0.3746104886499316,0.6225275197440614,0.3882753131169072
280,1.0584406535101913,0.19185619891223224,-0.2598633159954591,-0.3362944981841631
281,2.10960290867282,2.146348032235228,0.33157797392894867,2.3567809482569757
282,1.3398750141138365,0.5013984308937985,-0.6916796616906806,0.37884595172985536
283,1.3897938168029638,0.8327959804402195,-0.4065207393541186,1.186830524981923
284,1.8600744573489845,0.8118422676300817,-0.10252599518247152,0.49301634333217875
285,2.567718245066473,2.0299551850812656,1.2270761813316706,2.4634457190958132
286,6.4002609850912595,5.273677944743523,0.6545218375272428,6.593995839237192
287,0.8367590767204877,-0.4520057487500083,2.255918851322085,0.7352121842120215
288,0.3289653360839879,-2.979322775531531,0.20515012317295495,-2.7310337392400084
289,6.074990165737823,5.253389485296714,1.7843403863616247,5.835599201137709
290,0.7469594437212196,-1.4484900579747635,-1.2396856148184836,-2.427645518029178
291,1.0909651890780492,0.6487618819765177,1.4261073413931689,-0.8805700188035863
292,3.0720279567733737,2.9152512993332307,0.09438601248882589,3.0951696963550472
293,0.9599702047863368,-0.18267493863953066,0.6945222322889225,-0.20387992559953427
294,0.38548960923776215,-2.4909981415594755,-0.3622036947483124,-2.41563130762488
295,2.3289963092387715,2.431759983192388,-0.5787701568583472,2.937530683092988
296,0.8483814435000154,-0.549127399092997,0.11943971055716501,-0.8624352337003607
297,1.084577469663303,0.10410414211896163,-0.7138306251554631,0.563309814659822
298,0.9316518597916953,-0.8159920575358853,-0.07670085073272492,-0.7840501834866821
299,0.672427144801215,-1.1336953160140868,-0.09455604118973648,-1.1553117244493112
300,1.9912391896597375,1.4006499044571303,0.4727073665459706,2.1687614626841603
301,2.8125515560962486,2.8179738245639103,0.48210522250592,2.555967978715233
302,1.371533712798752,0.8835197114382866,1.0952534418429507,0.43583600100554193
303,1.509052113194462,0.577230461613322,-0.10016327180449036,1.24295318199657
304,0.7632068386481672,-1.93011743710278,0.7570323224692552,-2.0168725923871165
305,1.2797499830675765,0.851689194941112,2.2119470450865757,0.9368544297852806
306,0.5837943478954182,-2.1159924713961615,-1.1791063654448688,-2.4352504997619433
307,2.255683567655622,2.7984098805590714,0.9213548162253993,2.1139395594055204
308,0.735338948381226,-0.6620646577433171,0.9039236305570744,-0.14702880034252497
309,0.8919084842942298,-0.317025436864651,-0.4673885688467717,-1.2187149864741031
310,0.5518778564735897,-1.8299706735557706,1.2180191045182256,-2.7597274314483315
311,0.8953865333575315,-0.24218923467320452,-0.258762585627312,0.4783490400225566
312,0.7393784112682708,-1.125911337837341,0.2864799314532265,-1.949601123971682
313,1.8504570998249428,1.4263971935591762,0.17165972038678695,1.672639151000001
314,1.0117220039325467,0.12105034636451091,0.37170414838746146,0.8464382674338553
315,1.193137044245874,0.978458413248497,-0.37349450877718304,0.9671318696615577
316,2.146310128403572,2.6060129973177832,1.1606098006467866,2.1386426743063818
317,0.9930137348211655,-0.2106244041824917,-0.1746174869356777,0.6724142772912689
318,2.0214812726019766,2.0519085665316243,1.505028848078396,0.5516433812249817
319,1.296811530120225,0.37092254778038425,1.278402917864374,0.4269889258008448
320,0.4087601542986825,-2.3136955622249853,2.105128187531216,-2.155512107016389
321,0.8993476894817701,-0.3355275270843641,2.009919432347183,-0.5135096848600103
322,0.47811386993045596,-1.9999942478972998,1.62680835857513,-2.001922587835554
323,0.8128853330143823,-0.8425294356564567,0.02894913437216534,-2.2205674859838087
324,0.41014591133014694,-3.195139087507114,-1.0700423932264156,-2.6488469642922627
325,0.877585257753757,-0.43017255598857557,1.546108940569867,-0.7556485013360379
326,0.8849018209261066,-1.4601031325871876,0.13983660941460374,-1.4320091453946866
327,2.1938087935520865,2.634972021348076,1.5367127285233926,2.552677959482422
328,1.0190521944111703,0.2679663367906354,0.05354726004969551,-0.2470832043089064
329,1.2013439914235133,0.13355964399404166,0.5444264122753941,0.9065473973186425
330,0.37776434035761425,-2.783667023169832,0.19970064263816362,-2.8097996649671284
331,1.1351757394602682,-0.23402462025598533,0.14942441583589344,0.39618535538105426
332,1.754295816752603,1.1082081320114412,-1.0324671488193964,1.4439164514234164
333,0.9174645138754693,0.8024925339183513,1.7837756010299166,0.04867799477512835
334,0.6946782977222784,-1.0870818494200518,1.0209627985215382,-0.6564053628622383
335,0.8130547483155235,-0.30500104790933724,-1.1076184596001248,-0.80964980581774
336,0.9146608198879569,-0.9446568575547835,0.9186006706184207,-0.05078604006353182
337,1.2230498255052569,0.40023736068385746,1.7824700272803573,2.0153369083687283
338,0.8082393147741943,-0.8966429676287095,1.9204013442172396,-1.1422799901614078
339,1.796910267654982,2.466343927710708,1.7215370732301334,2.927718208663054
340,2.3465523409100104,1.6948730608392129,-0.04927221832111761,2.5247956737639914
341,0.6607910674885151,-2.2808316622202507,-0.5144415883496434,-1.7116867138904455
342,2.383506764192181,2.730919268232433,1.4880114570065626,1.9767127838722671
343,1.2840767995622657,0.736612846217406,1.801922409955052,0.10661683512556519
344,1.312603688951722,0.7726220368734527,0.25525618368870207,0.21080978917812543
345,1.1343593660624929,0.2968654528058272,0.5484320044506655,0.3772763161801817
346,0.6194696036457202,-1.1424602174167966,0.10198726809123793,-2.029639660846961
347,0.9859232500877427,-0.41568357733896144,1.395337508811956,-0.13152665184839346
348,0.9626309978625968,-0.03481690301332143,0.2797774243488029,-0.49038853397819604
349,1.054888040425657,0.5776950827798166,0.6981797584787045,0.13363391116201928
350,1.0741332651464168,0.07196223590482595,-0.0710850620021477,0.6770996548145697
351,0.9104187405327627,-0.7476424811083744,1.833441149470698,-0.7046711800044801
352,1.4264240473381218,0.4719691522090631,0.2884286233610911,2.6041123610994923
353,1.7013503659410116,1.5768527210158698,1.3880901359821403,2.027700337643001
354,2.5993759038832858,2.9483624086453126,1.5407851925129976,3.261091602526305
355,1.3197848937031686,1.0398677527019444,-0.47353119187272197,0.6590814330884418
356,0.1977495408979038,-4.379226820417442,0.9147536874615345,-5.204286901273068
357,1.1272566208049213,0.09790391489581136,0.7712746670299129,0.9329265823148561
358,4.9181380790817535,4.847035170026081,1.5446573354652826,4.502134678784694
359,1.868656275120235,1.1901219945961532,-0.19260758501647846,1.3905551459843453
360,2.3568097141413182,2.2097487865663688,1.1833842705165947,3.3196958452665495
361,0.34955244971521393,-3.624943595469154,1.3695514123090464,-3.910122358897315
362,1.2169139527531414,0.43245092530065926,0.39444360472687623,-0.42075089588069975
363,1.1361264194285943,0.39821905307512717,-0.012053064465727292,0.4572510068191435
364,3.494273056797284,3.391578823441403,-0.8623603813938809,3.6258512340995313
365,1.2006395400482157,0.6182612758030183,0.5956016565685271,0.1388937231223808
366,3.746134624604587,3.1783614470186055,0.2882215145696395,3.888535332493687
367,2.2047791031119868,2.630662870744253,1.0677271332091216,2.991341136439355
368,0.6280325659693423,-2.0550766368410684,-0.5925855709172094,-2.04463100440895
369,1.0490780816896494,0.019957570438356022,1.789219209111355,-0.46009868600541565
370,2.7060296550144796,2.676637024832672,-0.932005734337916,2.3048433460171127
371,0.4764624668767966,-2.041814887608733,1.503701843774219,-2.240391938516469
372,0.7257274812875604,-1.183299670156843,0.4145922526248905,-1.0193838862530837
373,3.569259997413639,3.7330098914385452,0.288757973479833,2.817598247741477
374,1.8523649386664804,2.310259448276756,2.0408187523643484,0.9927528855976346
375,2.907717879782728,2.4545749823183947,0.20660739673204392,3.0471328475300616
376,1.0580350364008695,-0.9021512903873085,-0.09730427088986882,-0.6391171144781742
377,0.6262372045871517,-1.6716440587880828,1.2532547635991986,-2.9500450980823034
378,1.9846515316794504,1.7837301264876253,0.9784434460177239,2.024390466794504
379,1.7219463866534344,1.5816301067398777,-1.3077506725991321,1.8090193181570111
380,0.6810278646339787,-1.0387244145052812,0.7303284960873613,-1.207452250531216
381,0.7053137495175984,-0.4863116515919492,2.4892944611754744,-0.29294557951223044
382,0.17239887679002652,-5.302405342107893,0.39398395954936677,-5.741948857033918
383,0.3914582155599585,-3.3462943274016843,0.8128850524836698,-3.2351999371211924
384,1.1995355450301608,0.7977652657906352,1.3750190144099808,0.7310422917526266
385,0.7642469813786449,-0.7026242063320373,0.48992407317756065,-0.7263215857765767
386,1.1112923823681675,0.8108297665345634,-0.6847175985556324,0.09431114523783712
387,0.5082896529187171,-2.303695077019913,1.397504422770342,-1.4413501095052597
388,0.7913652754611067,-1.073900025009741,0.3767430013401292,-0.30453318686815267
389,2.3338006357514316,2.0447767000647668,0.0616111616161919,2.3525777080918964
390,1.1996027437082604,0.3575607485643216,1.5269440672176953,0.5915644258063287
391,1.3459517401497214,0.6590564754031263,1.043778462281049,1.2302792596041354
392,1.5776593608805185,0.36818103581749173,-0.30291720822031676,0.8034684433516119
393,0.9828316308062274,-0.11087190971627993,0.7980335249509551,0.1894748873901022
394,1.3123192485064665,0.6111122666331008,1.1937215628908757,0.31313841883880333
395,0.5016843062497257,-2.3514031184377373,1.5580395345425788,-1.7452462199045609
396,1.3056044290389024,0.7444641099937195,-0.34442591908505804,1.363377425479406
397,2.16312246799712,2.470289425146917,0.5164353583752476,3.529041165435615
398,0.43777962534281617,-2.4905923964166883,0.24023318338613575,-1.842376130664645
399,0.3043729601464579,-4.049949826417507,-0.6586284466337438,-3.7016049756442935
400,1.1833617367886273,0.38458457720160827,-0.279092844900967,0.4752196759273288
401,2.3422550640035924,1.5370114528322154,0.6561444025377022,1.8558488198999108
402,1.4400091438641214,0.8543308139182539,-0.1564991543028359,1.1589867474443625
403,0.7640481165266609,-0.36792457030200626,1.9330185205230639,-0.7258304224422503
404,1.7150501735336878,2.099917422098816,1.9412051895318148,2.7396584812352565
405,0.7243920449977382,-1.2600297277903136,0.5678060169120988,-0.6042992743273886
406,1.3635952394853263,0.42235624522650844,0.3002122317647037,1.2240845479443312
407,2.1686491122461224,1.891091037626908,0.35444170062336033,3.017225194351946
408,2.740562201626536,2.6211439830150205,-0.6091468206160271,2.6771273544323453
409,2.977587978420954,2.88695035605,0.3001334802630099,3.185999868196288
410,1.2346601133315371,-0.1694186575046006,1.2145548260377774,0.47208033298593577
411,1.4203329036440717,1.01292158049165,0.4577441185159968,2.104168045598838
412,1.2219583721405396,0.401905056804555,0.8552835475326075,0.6199335582197896
413,1.8973057071414823,1.3135047370215605,0.7290627412748388,1.3805532674981889
414,1.2994415001384365,0.8373840567915026,1.4829564760604492,2.0727561954002907
415,1.2434486322270868,0.5821518545158508,0.08414640093525949,0.7090203671645332
416,1.1111543051033126,-0.2014335052850658,0.42809372626773323,0.8043910799299723
417,0.6123811414107638,-1.8418398915669705,1.7437535120619485,-2.2491553193291987
418,1.508312182383194,0.9860382203766643,1.3200502131830272,2.1669713246036544
419,1.2520417048019377,0.382279093275033,1.0146562659035618,1.6395210703295349
420,1.458172982777746,1.3347717672688202,1.9734101171456664,1.3118028308392762
421,2.7038460925353967,2.4434587520477504,0.9228486793920626,1.9808854588346079
422,1.1116176259207566,0.336184966568123,2.0772802037952287,-0.2802323058281331
423,0.8729031733058211,-0.2259720059709234,2.063995359426461,-0.13859655962318723
424,0.5096450895089862,-1.836192650575436,2.3997996930974734,-1.7812301550209362
425,0.6255990300770978,-1.23721234516451,-0.9932294603033671,-1.1918315269458382
426,0.9662371635759949,-1.0617388314269194,0.3551346893986285,-0.2757226396573831
427,1.0850840313094006,-0.1515509772806667,-1.1623506735807694,-0.2775387162853653
428,1.307684970368014,0.8626224168764698,0.6214181847419833,0.9105867482203971
429,1.157542149918256,0.029519396592365056,-0.5272905058568351,0.36938045067180997
430,0.8076629122336598,-0.7457486201630663,1.6071910498647417,-0.2634336627638763
431,2.129427292172391,2.6200365732390294,-0.061671471566999925,1.777036353861159
432,0.6291599546757553,-1.4483395032640707,0.9200890652698093,-1.4273271993097354
433,1.171810359066217,0.6166805297042495,0.1349268702018277,-0.44042027293324315
434,3.1340085176503147,3.6132432692211847,1.160676279199451,2.62005802300743
435,1.7113443365221608,2.1721338891954285,2.196895841603144,1.14241969154782
436,0.553974231138893,-2.540436204417169,0.568957470127023,-1.797421353135205
437,0.5053511566123828,-2.797743885536152,0.6371703293598183,-1.5929922353352168
438,1.6512877433560318,1.4794797027041804,0.7908986394485008,1.0861340831590847
439,1.979011145553137,2.615822434698702,0.16173315324663295,2.021486676598494
440,0.9870759282236218,-0.6469487351928399,-0.5411771817824658,-0.6769644991765794
441,0.9679521318307976,-0.35111504417715267,0.1784046647333632,-1.8458388417864142
442,1.72719429645372,0.5925180510364317,-1.8833770718169012,0.2769416347883117
443,1.836119639125403,1.7436431076099843,0.16296227833617455,1.3845790986426914
444,0.44840389547487874,-1.7459937765266627,2.004517634589946,-2.5419105194640528
445,1.718837822585611,1.47188097809878,-1.4387344959233732,1.784800861620432
446,0.7747736376614471,-0.8175826869622574,1.0542248517401394,-0.5454289320116169
447,0.14368628576228057,-6.283845748506341,0.8725960370084209,-5.86336293499447
448,0.8592450289157493,0.11104473334822991,1.0798597830184944,0.348977182552334
449,1.1220398384929646,-0.002180147684796087,0.7454444662060865,-0.459210199439444
450,0.2942813713943122,-3.21199366047249,0.05674598569101241,-2.511524397807815
451,3.250255268825753,2.7678190620735355,1.6781886275457996,3.7343954811279607
452,3.167943407500874,3.419810195749426,0.7443935826957319,4.07315721558119
453,1.1351719587786933,0.309349630553527,-0.2499797847177182,0.674062917580666
454,1.8495572228384487,1.800440197372639,0.04417171868776576,2.673510094491004
455,2.732604681862273,2.9353897376909406,-0.4517767100301744,1.8358211232522172
456,0.6429603714220853,-1.772271920021374,0.9070340592271591,-1.2327734460404105
457,0.8281678225692154,-1.017313056667323,0.22939816184697243,0.519998127302943
458,1.931955965567358,1.3944268736371324,1.793922747577885,3.036585903699222
459,0.5320038522282804,-2.089146609296527,-0.5791569127416918,-2.2192049162121075
460,0.434674274946413,-2.5422252638859275,2.14453534453085,-2.3890468505335707
461,0.7365981967343929,-1.3727254195656322,1.3652808768220588,0.12913518604672114
462,2.318102515029837,2.6115102360406204,1.6229390671183028,2.137844017101063
463,1.9253221452331544,1.6726668258677437,-0.13190155235461687,1.4970561971061762
464,1.650424300808479,1.026957705551038,-0.41863255729013515,2.0624609314742943
465,0.5497355800241623,-1.892068831914178,2.542320782628555,-2.1602260780552163
466,2.6114287807091676,2.31974033586012,0.14149311032515072,4.184647189364204
467,1.0424139105121344,-0.004982614860200534,-0.06106947061024581,-0.6277970954032268
468,1.6422926874521635,1.1239198967043071,0.7666660027899657,1.0336390331486724
469,1.8020313251268645,1.6591226901699292,1.3233338736747808,1.0432518627769594
470,0.5127728031631155,-2.002822101510004,1.1505911801703808,-1.4781095902544572
471,2.943489171095065,3.7173658400462912,1.9580118115455227,2.7022038694315063
472,4.216090599374414,4.288713774329768,0.9725186728311737,4.631352061490819
473,0.8858950691664372,0.003716991602192653,0.6195070144441943,1.4901266878647128
474,0.5905244907032732,-1.7702178468810836,-1.3921274569489341,-1.2144193118188336
475,0.4195274740807483,-2.8842671727096953,0.17215443253988882,-2.1795348005004844
476,5.039001193747125,4.1320084371215735,-1.6485330688350381,4.989088635580131
477,0.3292270851031297,-3.2870305220702214,0.1711709085191343,-3.2363811212343623
478,1.6951322174442487,1.2589931386051163,0.6079946011835142,1.95207631877677
479,0.6259671916296015,-1.1925033449374118,0.986449484062715,-2.674389619406308
480,0.6521311560409235,-1.2455348105045358,0.5275304748324612,-1.620507019613681
481,4.276668980919984,3.8503638542683554,1.8403042024511271,4.31080546296192
482,1.7590755514171048,2.21243796938476,1.3961610264960198,2.8682178583828515
483,0.9542451831530497,-0.6463424963996494,-0.2329500692370322,-0.38604584962794186
484,1.5041207278922235,0.9666106829286527,-1.1379086634682383,0.8708999397090567
485,0.814499689366831,-1.2000584687114657,-0.17235938727108446,0.43221486915781226
486,1.867621445840114,1.1983392503134231,0.5249138247184825,0.06564942649200423
487,3.0779400146989424,3.2881335367581714,0.25575659972214015,3.2313467040435393
488,0.8718843924446819,-0.4565379389296314,3.287223296749656,-0.3434935579471168
489,0.7017138275103817,-1.6143542192275517,0.8227200606814117,-1.5029969633573839
490,0.9440445813903041,-0.37896468745411427,1.3203208671122517,-0.2513108489421404
491,0.6876143075855728,-0.6261357581210139,0.98790500033982,-1.2805194865345706
492,0.47605197817957906,-2.242975715970874,-0.5549881462552229,-3.329493479181233
493,1.9963234853117495,1.435287036554248,3.1875399378802705,1.279495156999257
494,0.5886682799369969,-1.8647710061912475,-0.2913835242031029,-2.444036667386167
495,1.3894621143724435,0.6352049956165168,0.6243949916757998,0.5753460419657285
496,1.3537336173275099,-0.0988252622912364,1.10849866617079,2.033880070224977
497,0.7161643848208501,-1.4289617914492283,-0.3473016052784629,-1.5283086253419054
498,1.5407049487907105,1.0939173958352928,-0.7086026228802711,0.9965523682466007
499,0.31864715136656613,-3.09656227706022,1.1777456212502004,-3.220734895625749
500,0.6150798724742657,-2.076198702014104,-0.49320857739524293,-2.1678075105340064
501,0.7000970628877018,-0.9875615119261187,0.2938231312336458,-0.8755216921593441
502,1.493105332924369,0.7435787713793246,-0.7732546151711652,1.046018612005294
503,1.9459584362191442,1.743251435403432,1.399944651454316,2.2158827496017497
504,0.8444565825231459,-0.4717631426999018,0.4783296232246353,-1.086776470233124
505,1.042686088735676,0.12444662231305353,-0.4423734405719595,0.014990893975117478
506,0.9986655214767652,-0.36422202252230357,-0.43127206577791455,-0.5416798317211413
507,1.8194042987145507,1.486398085241289,0.08197417029106285,2.349848954471762
508,1.0385213518857848,0.4623043000628108,0.7660431874203235,-0.6926773986571382
509,1.4201859323498762,1.0367054953137835,0.05360721271210228,0.797182593765563
510,1.5929463314400922,1.384672362944902,-0.8066357798466428,2.494403116009205
511,1.0621782522604697,0.038163017671327286,-0.060578422620189976,0.40909553236684626
512,2.7690384842491973,2.647848930554052,-0.2486134519500054,2.217813167567624
513,0.590208583431431,-1.6287285938424887,0.06291369184570123,-1.4891498841336064
514,0.4073080952041264,-2.145360406599487,1.7091462063651477,-2.3940994956020725
515,3.641986177256674,4.031733121716582,1.7165828348818695,3.893855646124654
516,0.5724991632928667,-1.5206382557228926,1.9312240428313485,-1.6487659666203336
517,0.4272619230057673,-3.010476062997522,1.0750965294131165,-3.1648742389911972
518,0.81125069423761,-1.3000020726146506,2.5123058442969426,-0.137111680941165
519,1.1299495779577393,0.19706824811076687,-0.8599004923857851,-0.574248076818436
520,4.082397407096632,4.271028729440142,-0.9662731239513396,3.932490510273518
521,0.8591478602096876,-0.5700144026611781,-0.44391550356863463,-1.2409198503643695
522,0.8757896334672365,-0.6661683676872677,-2.089534733937684,-0.7909677174843146
523,1.2833596151611102,0.8664264847935201,1.2682788190446015,0.9342654919644913
524,0.5321189871695152,-1.830042662968234,-0.6534417378388226,-1.7014336550647156
525,0.9018077314700867,-0.3543401873830725,2.803501683853588,0.6748757577704496
526,0.5217687346760318,-2.7390129059576274,-0.3080348685775318,-2.0913347696864424
527,2.0474170359881776,1.8579539579464928,0.6368972150894756,2.2086351567591436
528,0.5154380817376218,-1.6432599038457558,1.0191983765919472,-2.908488281474038
529,0.3614608032326359,-3.3374527428220753,1.3736136949413613,-3.4170212045753807
530,2.0302190282997437,1.635604742054221,1.2865835809511332,2.039427315996607
531,0.512314239546746,-2.054788871994399,0.7088133277457636,-1.9492083649327008
532,0.9975703491437632,0.02158739925975566,0.7412042609920013,0.3076077372230965
533,0.9183947382426615,-0.9806309664073165,-0.151230018402974,-1.1708039785943873
534,1.188719967131213,-0.085257556163613,0.4521703761996627,-0.430307258804412
535,0.50645868220164,-2.9063912186938414,0.37007767386966867,-2.6246176466513025
536,1.2207106476341187,0.04490065425650531,-0.4819363321329069,0.6064952154648187
537,1.424862165373187,0.30661424312210334,1.5614808885683746,0.02262385458817684
538,2.400774384770687,2.9950366991680015,-0.022264978906590516,1.8921248005087836
539,0.34499230921699664,-2.969109664196553,1.5197925815230975,-2.419238248006335
540,1.3773352483941907,1.1477058863015293,1.7546675091755586,0.3665756013520013
541,0.2883418104089653,-3.807243336867336,1.6930953571800795,-3.806747228719197
542,1.1257195260212316,0.2509432386029791,0.20934841199653736,0.7126951619221418
543,1.3403559563408072,1.0982589091554538,0.8922284619070127,0.752410902508118
544,0.5103696940319795,-1.8390060418071035,0.4599412136676622,-2.6343202127956116
545,0.564619085932677,-1.205151118887233,1.2203611649777892,-1.65053186202971
546,0.5131227506668103,-2.535463601391218,0.07847070680139812,-2.3479171649332753
547,2.3036901412448643,1.925177546532248,0.6045627833551614,2.755242980520351
548,1.2242755143934987,0.27151085409397957,1.23395691387022,1.0655514299382318
549,1.0613570839424895,0.21448823051036878,1.7022423736270762,0.12898707176984703
550,0.6996238092355662,-0.8572402940569255,-0.07249259798990348,-1.563365984080002
551,1.1884058984918722,0.3248143256808504,1.3662154919249436,1.665223422014437
552,1.5065201625937545,1.0870231667922434,0.5727849417483359,1.7843458859691546
553,0.3521942491470619,-2.453462801079987,1.4145442889540174,-3.428894940471375
554,4.436193583031052,4.099866956945943,0.5525253508593452,4.6635708349829
555,0.5151676567801446,-1.9123264358403511,0.6936456862007594,-1.6453608094839476
556,1.5408993687243233,0.7780386718897997,-0.5387301545965844,0.7204227076757264
557,0.48434228020580034,-2.426563001110708,1.3565993124475129,-2.494691447768129
558,0.7276843386799605,-1.377184560675139,-0.6119768677160864,-0.7902068503108984
559,0.3720684510747507,-3.2836686340160353,0.5891378287250627,-2.595685751294729
560,0.615363852238331,-1.854801568727102,0.5115358358816959,-1.254372644506185
561,0.5350470749252842,-2.118010189079003,-0.7505029010123481,-2.054866101355545
562,0.6821074151516078,-1.1860981158815718,0.1848830560020157,-1.266963215015636
563,0.7289405992718226,-0.9285701276711837,0.5171421727953804,-1.802070092347671
564,2.771088609908402,3.122693629558731,1.4694104942601047,2.430524137634046
565,1.0359808950977016,0.4809364858779084,2.5251923790233293,-1.5584848783947085
566,0.6719264301334937,-1.9350777624663624,-0.37025679116964805,-1.4869643235386312
567,2.18883731607597,1.927768368404373,1.2242383029622625,4.042538305820873
568,1.53571464419085,1.6363107496112124,-0.17212306501819585,1.0993825373640433
569,1.0581111203319677,-0.4710783634942871,0.9791654032826022,-0.44772737523036377
570,1.073914975962033,0.2129496965790119,0.5039725171236803,-0.4247871139597076
571,2.397200717300733,2.196210261478109,0.735828802685049,2.998153557309137
572,0.6023725749783776,-1.1075415122446004,0.030177469369229493,-1.5959466950764476
573,1.3315451369023252,0.37626163247783745,1.11135953949175,1.6322730349439958
574,0.5246163213461795,-1.4946458936794569,1.356723331048665,-2.2723708616041702
575,1.111962977643645,0.22075667272566268,0.09402116956735662,-0.9227405452238773
576,0.40434521209587426,-3.13865053689377,0.321081065863476,-2.436322980565213
577,0.799776966554074,-0.9931662713935583,-1.2226590094499445,-0.055921405339967034
578,0.6546173440500119,-0.5435889209804887,0.6240885723048066,-2.175612713956906
579,2.8709322807857522,2.6682398756210914,0.6403371587096449,3.3518889164294077
580,0.5852479007264729,-1.2855374246223263,1.7574785846218337,-1.3310350009782514
581,3.0808129939740545,3.196898481635551,-1.993086593195077,1.6912091913346894
582,0.532359326506434,-2.087979425554673,-0.9149540962540577,-3.124323829459917
583,0.9757813076103565,-0.6171005510490405,-0.7002406105551151,-0.7087546282736233
584,0.9541649059828565,-0.9257146979058647,0.69399357318246,-0.690986687831421
585,1.2352018231940165,0.1503766645977772,0.453640723625368,0.5678793279652761
586,1.6135353037083195,1.5384281689158712,1.3414969241874997,0.8714018235144722
587,3.468207039752024,3.521962649952518,1.3581908292507459,2.9463568145580625
588,0.3894178189604593,-3.233880458663698,0.7600866458388551,-3.7247581304842896
589,0.6551933655341641,-0.7527381513273955,0.2577025588074413,-1.1250310860815036
590,0.5310388004297409,-1.8423888243623796,1.031051917376601,-2.098576594301128
591,0.9299661487735102,0.40063079318742617,0.5254647173994536,-0.5230628171698886
592,2.3812352818070868,2.027905124926505,-0.2509793732855411,1.9885100226241743
593,1.2797408655127505,0.15975384436784104,0.357900160154117,-0.5478155343672394
594,1.5507415119612706,1.0888460872040369,-0.6089250286194172,2.1387945742803796
595,0.9020037326751246,-0.7044298642277905,1.0651179538843092,-0.3642348035856592
596,0.548636637056426,-1.3700664543094097,-0.6221313669303326,-2.4951555531819083
597,1.2898210128008465,0.4730983465492925,-1.186331938841556,-0.22698071513706208
598,0.41895192401368414,-2.3658042818916445,0.8046732036038762,-2.027107580594571
599,0.8104828441359724,-0.7538958702481359,-1.1033074827671883,-1.7554347093968174
600,0.8847100683329902,-1.1074431733055676,0.16648440628796946,-0.1757692588773606
601,0.9766746774887632,-1.0778003769115614,0.25724320698147063,-0.7256178520938967
602,1.3759678569303802,0.9970853174627662,0.24693090255548256,0.8625660112561089
603,1.5320729283086072,1.0452229390175045,0.5446480868709473,0.37690759540339513
604,1.827829422608515,2.191470606818789,1.9877205637806936,1.479417584117682
605,0.43958779405234394,-2.699185013975738,2.157962537329037,-1.3706972684195808
606,1.311858446929904,0.484281604164231,0.884961366197196,-0.28221584691650387
607,0.15968216135766602,-6.004059663238927,1.0765977990695599,-4.250500333136296
608,3.137643876953107,3.0089323946557207,-0.7669277851671357,2.4504028003659943
609,1.6003250365520258,1.7165230225459784,0.7752973484698662,1.0964648219751862
610,1.9801244474623239,2.42391493745653,0.4601696450755009,1.6317337406652477
611,0.35259618959031513,-2.348392203051595,0.19116974369414197,-2.7619345070221026
612,1.631112505261873,1.097755613240587,1.0319296079533604,2.4305814123504437
613,2.810623477806904,2.7521415935948457,1.1826596576516648,2.609245098880694
614,0.8906783051421148,0.22491132778546152,0.6571785167887021,0.2031231201561793
615,0.9737590360356043,-0.041491387421546344,0.645192589145518,-0.07812937882331877
616,0.5940097732102506,-1.2189055708586263,1.1752468276741448,-2.6196286529795936
617,1.6875069989759437,0.8994954733338187,-0.5286895777167222,0.6845280507652164
618,1.3608793235462693,0.6201133203516006,2.2026388983381446,2.307239251417175
619,1.6672276807592359,1.2126675525250443,2.326924322139661,2.6302047749037825
620,0.9587531076516117,0.663788286105774,1.160054982303981,-0.7630713193504608
621,1.8235101234670086,1.4393904355337692,-0.04035447286005123,1.7393450376776007
622,0.8282931529177784,0.019655130873841402,2.3644680823775577,-0.5464027805855662
623,1.8696541210393576,1.6105233887660064,0.8482385091230877,1.0268854652116377
624,1.2427304968527522,0.7626736958668311,1.09097890474585,0.4270808987688013
625,1.7924671060388073,0.747842509442457,1.6382353397899185,1.609847107613482
626,0.622447181793643,-1.447304459780863,0.4562003359473687,-2.0436076237984935
627,1.02806479872423,-0.2347162353461884,0.2526866983852064,0.6661762567770118
628,0.7113086656931256,-0.6181769438365459,0.46257049293351926,-1.0560119715913945
629,0.2113309821193584,-4.154488423832531,0.779520810856257,-5.422270476912603
630,1.6674661486490847,1.2618753172513657,1.5764972555992252,2.111865257951205
631,0.9266769706735928,-0.8209537251631402,-1.0970480403343832,-1.99349744591132
632,2.184430014249783,2.2774162590965124,-0.32646141600210754,1.77545339249671
633,0.7614718453010676,-0.8898237781790302,-1.1365326201118056,-1.5001149509811615
634,0.7782355157372279,-1.1167390809224842,0.4755151660239844,-0.8054680512690586
635,1.1159493629814266,-0.005441607223269602,-0.5329388094346443,0.4497380583547486
636,2.3648267907109344,2.047592708456785,1.9864051088104733,2.3175556254645087
637,0.3474139204819866,-2.750910410526571,-0.15635277940468184,-2.105888291419041
638,0.993201801935702,-0.5021450155635667,-1.3270344502362301,-0.2705264238174975
639,1.4950834855639485,1.1455952665887759,0.45051637976478504,1.446553704586408
640,1.5372308438254274,0.8546281879086112,-0.606765249003675,1.9614128880366475
641,0.5874108575217654,-2.1742742322359234,0.10847422379938243,-2.020974152768629
642,2.6346871538512704,2.8942972467139976,1.0321893365046642,2.800714055904277
643,1.2293182743594309,0.7026623391467367,-0.18841687456434586,0.8444519327075846
644,0.9485788338670539,-0.26639424961074365,1.1619680375265748,-0.5252361407552293
645,0.43853002141569647,-2.4193276172459868,0.9831603878556217,-2.1153681558005846
646,0.99170016740025,0.2368532954533739,1.028890610449063,-1.5349936597142235
647,0.9835686723253781,-0.22446125890071117,0.4569986237558959,0.35128523126855044
648,1.7870699034583484,1.4451378002997999,-0.17187062692886956,2.1341141633334515
649,0.9647329872838359,-0.058788139434137,0.3853145031676387,-1.1221354318738515
650,1.4284400547385068,0.4146256213560905,-0.7499459881566561,1.174215698898088
651,1.1004050745310079,0.2550504771740682,1.177299061882291,0.30258291548685845
652,0.6457801638996762,-1.40514379633101,1.9185962287590579,-1.1860189650806203
653,1.2237012991373875,-0.11880829407901033,-0.050586130509116534,0.4158942076890711
654,0.9989269862779803,-0.04093054075729896,-0.5747651999769479,-0.1581943878314572
655,2.9637525850316826,2.8174785090570595,0.4674202240160393,3.3735500213070804
656,0.40026529485023876,-3.199711972085977,-1.2118024451571572,-3.3718826007290197
657,1.4161323035072129,0.10261337486970068,0.5488988246938489,-0.1154796212627239
658,1.7736257734629215,1.0760859924963728,-1.0837700952071907,0.5318144001758972
659,1.2763571167977823,0.7513040188201111,-0.9105893350667844,-0.6164822298181983
660,6.174865893682596,5.128978152945023,-0.1391864094538372,6.71879636541397
661,0.9103107389724252,-0.8429254515078501,1.8088289581358237,-0.3919601914990986
662,2.2332477722891584,1.8969381197267419,-1.35998260477934,2.792693363675327
663,2.2470889382751,2.50602729381371,0.881680128091769,2.959295941950936
664,0.33339356103161705,-3.380418672314729,2.6150537132751785,-3.2835414875281352
665,0.6524569012836342,-2.0274091883197554,-0.24685337399628526,-1.5563552963743774
666,0.7926795877677096,-0.8657765558816852,0.9840526339049341,-0.830412837423524
667,0.4332201288413136,-2.444830878428018,0.5691256422352449,-3.5086176390295867
668,0.6593951537699753,-1.3907513653775798,0.8786586584521545,-1.1228349172262782
669,1.9601511951160695,1.137536386111574,-0.11773415330736003,1.8317269969615162
670,1.2744640623880414,0.46611282343211546,-0.13586766008290307,0.9482701310099477
671,1.362037868430097,1.157294337333006,0.16388708029450721,1.0947197143258807
672,1.6186567584228533,1.5116109101519533,1.5567147533618448,1.880495572267356
673,1.7352642565970795,1.711805994113064,-0.38005751654136455,1.8288066423963398
674,0.6272325358117625,-2.3153212579460214,-1.263425112421346,-2.8874118979965413
675,2.3818204320938623,2.602124435969413,0.19800852332977048,2.8017855488202645
676,1.3500239820164963,0.28258896265233724,0.9882685843584237,0.7438737814406273
677,1.194127000677964,0.9368534371076661,-0.9775573073281254,-0.3627853186445352
678,0.9506739365879954,-0.6894471612822635,0.8918089715524532,-0.420389960398377
679,0.4410941826660836,-2.306647100495493,-0.3476271401200739,-1.4564556956815067
680,0.6354850626903553,-1.0721380265298475,0.8817968809928545,-0.4598983372409018
681,1.6253436703447688,1.9517054199720816,1.2335435297654693,1.7906719345112314
682,0.609804604857829,-1.8517554521524306,1.5875866766251001,-1.5505432397027072
683,2.7990171418093865,3.3209391310063405,0.5120965960363177,3.494705888389253
684,0.5707054300624024,-1.52258572534145,1.9866640398758075,-1.8738681181578034
685,1.7006779970659949,0.567994841695103,1.6764540574400688,1.7236856531703166
686,1.132968795823805,1.0798706295602956,1.886986332927778,0.18712428486887933
687,2.5440823549781215,2.481847501447595,0.8172716531043616,1.4927958424335679
688,1.3887125054854645,0.7934523254409298,1.5123985982802757,1.5658547998479824
689,0.9473823721526154,0.14421785425715142,-0.21582083216287706,0.8923830529116391
690,1.5308530264578406,0.8873270727844587,0.47909621271652075,0.05868737563888837
691,0.41412994656654456,-3.015903592855335,-0.048959020971881206,-2.1196030350401216
692,1.4439977240742259,0.6656611717057201,2.028477837888752,1.0450935480820949
693,0.27936848881290094,-3.746311605831437,1.2729906625408987,-3.363018594704313
694,1.7386443458314143,2.0059345733602636,1.0711743051481157,1.3211314796544886
695,1.3447541325885668,1.044983492430962,1.0492296083144819,1.7623703684402157
696,3.1640168501135286,3.1232385522399784,0.8680852034719633,3.051373581328459
697,0.7471707013884985,-1.3632362552372013,1.8298773373187707,-0.9713127847959477
698,1.8188781323821448,1.7651595816812138,0.9861752796139457,1.095436188054562
699,0.9461942147899124,-0.23866882396040529,-0.09444959716346357,-0.31881222989098296
700,0.39238127133726924,-2.7368589159437553,2.117671830269181,-2.630488820565687
701,3.313460532273606,4.137202276624169,0.10605423772491379,2.812544867944158
702,0.7735302478875357,-0.9257345572706189,1.833701807518079,-1.1064110300813716
703,1.1287204327137579,-0.9470397486283687,-0.27389295195460606,0.8180160324323781
704,1.5014514733067301,0.7936763714621488,-0.027540854421284622,0.3837527186182257
705,1.019589701999687,0.48576490311029746,0.2961461550741241,0.20291415941285657
706,1.6072100332462067,1.2310606571617944,-0.2797023532709738,0.9831552639375568
707,1.4731044548746577,0.3270587761672179,0.18780962925969302,0.9350659351606437
708,0.7628652770054827,-1.3396288317050726,1.9731788606537897,-0.7532052351747234
709,2.101015299475491,1.8154540173136917,1.136974332509045,1.9093869876596454
710,0.26428794155856494,-3.2577383508148436,-0.04005008310298608,-3.970118072259081
711,2.1257550567463652,2.7007451823942925,0.46415198851646744,2.029437458345696
712,1.2365898049266342,0.493921273425364,1.179270217992776,0.6896920155078865
713,0.6854540771597822,-1.8307064963404625,-0.7698982910334329,-1.0629331313057047
714,2.0433283976579912,1.9576443539532613,0.3473577602011265,2.5020287490498574
715,0.6157043738480067,-2.2028519643194087,-0.19432302562433268,-2.1304948546674223
716,0.2514903696429865,-4.478909497664845,0.7127133497031071,-3.3601271506446144
717,0.8089999730151484,-0.9398965234858778,-0.29090028984881067,-0.2895529998378754
718,0.7639456106889487,-1.0876672788016621,0.13571910738864773,-0.9353665935640891
719,1.9736303785921485,1.596910017996289,0.3052592417013489,1.7437983804650408
720,1.023661289397424,0.03287193945942459,0.14210418000901848,0.41528346908500036
721,0.9732867521346779,-0.03734617424511733,0.9147700751282407,-0.43149924111077576
722,1.7937964706741607,2.2085736683141977,0.9317446076127209,2.3293134804520887
723,0.9726510644555248,-0.7349037977889838,1.1827167705831512,-0.1577081869249356
724,0.868503032069675,-0.4688796073816415,0.4361117329810388,-1.2627334581776246
725,2.4414258843556125,2.11493714765178,0.504278851241979,2.6204161973569122
726,1.6652256891933637,1.3102296426840483,1.6503254716567262,2.3160992165621446
727,2.3244717191980415,1.9503513866552318,0.3455244072760401,2.450901058922262
728,1.7028434727152848,1.1798205228886476,0.6681280311320772,0.6796388530927149
729,2.42759724728281,2.3130594191665264,-0.9083539082724714,2.0040456957159964
730,1.2581332781057295,-0.1558590769304,1.8909812180677794,1.2162561812057968
731,2.778066183912221,2.4526179122726552,-0.6243954851021034,2.7507740895831443
732,0.37151486807692996,-3.302527266906764,0.3450095906870715,-2.2524000872091894
733,1.9593461206680423,2.0223129009786547,0.2800439569034253,2.9641593913659827
734,0.36963174783289443,-3.0375187543208253,0.7317970102457053,-3.7382440016378276
735,1.277273740029524,0.8230478576523007,1.272543473809903,1.1443005119491036
736,2.338806642935989,1.9682536514566913,-0.44472916133604923,2.5699975902765853
737,0.9494463671300409,0.029217360566929425,0.3272662457396789,-0.09397202190091536
738,0.9984905526447289,-0.2426013642627783,0.3086808180488903,-0.6773744013361648
739,0.5870342674660445,-2.6271039783356276,-0.3883081234355301,-2.9683992742483656
740,1.2851925298938922,0.15213004305860045,-0.7217045772834549,0.666911423261724
741,0.4876887956176932,-1.9237354054053726,0.7026707243905163,-1.5477860396381036
742,0.8454258867260455,-0.1733071965912437,1.1298833583489318,-1.363877098700855
743,0.5069094016374397,-2.3424381380488026,0.23549351543879593,-1.1475832120189107
744,0.9731935885280398,-0.25437391426081934,0.677287184704821,-0.3875826469346779
745,1.2560998840784445,0.6203092049029411,-0.18134167616128738,0.5471562442999385
746,7.212699412308883,5.26547373451489,0.3297498627313545,6.151798989522318
747,2.7111250282044743,3.096651881280201,0.5952577505041974,3.0173593963557925
748,1.937225092464286,1.624700581685685,0.7657263629342405,1.567208626665328
749,3.3925993121939753,3.605669226547569,-0.0771772434171305,3.7871189718305645
750,0.9328210182883826,-0.40124547219527634,1.1289749265061388,-0.33511099492249163
751,0.2935704030647504,-3.336008756898814,-0.01578228602170173,-3.398343793883428
752,1.3361093818105478,1.2490185533803186,0.9786574223744635,1.2941030461444218
753,1.0885098909068538,-0.7484068704649319,-0.5624155416943397,0.052200857103670506
754,2.6486030882322047,2.9140396146231557,-0.619486374620271,3.2818851401375766
755,2.3578534780468763,3.09502651846097,2.3642903320189745,2.5660969530306876
756,1.639174258284856,0.3877583486837986,0.4009449037465857,0.15343981799385778
757,0.5880882004523913,-1.4615536636782167,0.15576060430120092,-1.6357474157347824
758,2.1121028604829344,1.8631158591425776,0.9792211982518453,1.371544328696566
759,1.0327729768372753,-0.007375992235905017,-0.7312517952423643,0.8485897376391568
760,0.5272769144408743,-2.0227860991122677,0.9699195493287797,-2.250733742567884
761,1.552221336298731,0.9744693291643818,3.647007152690628,0.9159352570304655
762,0.9320445413262016,-0.40685590903997293,1.9370884391136511,0.623978520262758
763,0.4853858969401564,-1.7710000987065866,0.7173141629224322,-2.242721556860053
764,0.9448417924332069,-0.5548774925141982,-0.6956818666553535,-2.109146388363971
765,1.4473433769069564,1.1238964192080734,-0.6428029816753229,1.5571404482807933
766,0.2643336916823088,-2.5608864067833124,2.20923711688458,-4.134782204944822
767,0.3708629478513486,-3.258961219249762,1.9145838819114955,-3.1359935767855465
768,0.5649599049972618,-2.973394353038651,0.7735332016723713,-2.2182082870344595
769,1.2911504974822314,0.8681271096081239,0.9912660976429393,0.939699272904141
770,0.6269140561744428,-1.6782801150196196,0.6675836289940671,-1.5282031623443402
771,2.1109887116258736,2.301612636814017,-1.5992045047943684,1.8020402260116954
772,0.6770075692454536,-1.4669671504312682,1.1330428220348723,-1.4373308680367354
773,1.464651868395568,0.6629834314151548,0.7166619098881928,0.6741854322323414
774,1.340557729437692,0.8957262197429987,1.1023732080923137,0.3176703821815705
775,1.4223787684996283,1.5155692024760763,0.9921153216615892,1.0679872087832005
776,0.4630868458737049,-2.6663489604058292,-0.4054757678559454,-2.558004678000566
777,0.9307335437681334,-1.0437122415501774,0.24544104597284955,0.3226560412646837
778,0.6520862666121857,-1.32821200000862,0.594271941237719,-1.367927214115095
779,0.46301649360054636,-2.4963507602844373,1.233648935708215,-2.1373600340505114
780,1.2309372706894373,0.5249260294657774,0.9811626051524911,-0.32752894438363844
781,0.3239688804275774,-3.7715869448999504,2.3030082832785785,-3.1606578107207617
782,0.3557834719013721,-3.3992152414332764,1.6486340832470183,-2.890058226149815
783,2.224424677093962,2.0156182523326196,0.8067660535882797,2.8192942997575146
784,0.4991782929022117,-2.3115416633933763,-1.674109842276756,-2.6578157126394837
785,4.744008900018794,4.646224811753283,0.6740396713875867,4.810329450039873
786,1.6608220300463028,1.2271321676157834,0.926761619370408,2.4384996615424206
787,2.530699753771683,2.075047822939283,0.08851975871534262,2.1406775201219057
788,0.9043211120756257,-1.2863031287331543,0.16298253037335292,0.8260040973951102
789,0.5306780419158746,-1.798029276383715,1.3359534562447355,-1.1402072467723698
790,0.7977084167498465,-0.707384464170493,0.10848950962189663,-0.6318740550878398
791,1.1646756295697975,0.29197913756823995,1.2242759742641194,0.3538632173765367
792,1.1228970020868785,-0.38360963204517196,0.6155915401564953,1.0748814046647586
793,1.6423887641922563,0.9731635257913851,1.3975870607493763,1.2540002336930192
794,0.45463347283593725,-3.0282982654214567,-0.39512103741725046,-2.0327224791701357
795,3.106936671746496,3.417152458821427,0.9602525664313539,3.3394481347309872
796,0.832462475837937,-0.24402356603988926,1.5404723597127485,-0.37455649096531396
797,2.1325235088807597,2.469306620374879,0.9810719461734642,1.6533892823104708
798,0.6169431189419996,-2.027835683859411,1.8805022486475305,-0.4903964710070601
799,0.9743019657795744,-0.5232784146582311,0.007069385686991558,-0.866288428208676
800,1.109918953942773,-0.13869607678752865,-0.21796868982034545,-0.19608141556647524
801,1.953709632532415,2.3841124585983184,1.2978861072983658,1.3839271986248958
802,1.125735329848214,0.8626285063638758,0.2028062855475965,-0.31744737529441014
803,1.20367896060597,1.1279717334431365,1.1068380955792017,1.1218451044757323
804,1.3915921291422786,1.0560356865335654,0.2907604140836878,1.3029911216149148
805,1.1237841259314212,0.12597556162429155,2.3880175813762374,0.6552022365523515
806,0.5924012891983452,-1.4022367910888351,0.9271123743537971,-0.8261547658512379
807,0.8540736759117171,-0.3286865420242098,-1.893131373307745,-0.8563080550441382
808,0.5569155236617785,-1.9049097871827236,-0.8157862851906355,-2.8053965876877527
809,0.2691914633940418,-3.696289583460698,-0.0655943639087534,-3.78751866818379
810,1.5718183634405598,1.3617670371797888,0.45624196959903546,1.3626499975725672
811,2.945624128949786,3.5305718436961566,1.5088675955703392,2.742032421796864
812,1.1508509207512365,-0.013374949867041462,0.06462155438853823,0.44980680845752385
813,0.925952601627679,-0.11624792800931166,0.407108912959752,-0.6593531503139434
814,0.28358358160979336,-4.022065101379328,0.8127396074548431,-4.502251978379857
815,1.0733037426571888,0.19653531093392565,1.8073121737286983,-0.09340127062907908
816,2.7943490711597283,3.4239819946880696,1.3144151765273908,3.811892787453094
817,0.28854994072735646,-3.591650293129407,0.4291471744939324,-4.751489797603394
818,1.8269659925737116,1.5560626611267392,0.859309536324607,2.2398969574471974
819,1.5149526578134398,1.163290091728699,0.7277485648232381,1.1924323744930043
820,0.5242742922365987,-2.3431534287697273,0.4000977677503834,-0.6169740146914708
821,0.6612925181054945,-0.543915295540878,1.6669984721586195,-0.8560143469212191
822,2.1907600358140042,1.6506243488819665,2.7803648789415654,2.408097154824853
823,1.2945063233194471,1.0255523982338541,1.8931071212398298,0.5653658943350878
824,0.6756301803636398,-1.41111059635269,1.1531701209662306,-2.1606687786895793
825,0.7870292659636865,-0.838634344948957,-0.49469690392329646,-1.0851839267254626
826,0.469922314029959,-2.862321176662537,-0.037135934515486246,-1.7652172430053745
827,0.5746946723533064,-1.1764435553619794,2.3227540921193475,-1.7878432287947823
828,2.019400625144494,2.119586329082366,2.415739342220447,1.9859636015309703
829,0.5673893676845422,-1.9042238288450113,0.4322885834898871,-2.056368381854334
830,1.7068114858197907,1.512637458059196,-0.08929167969833429,1.2948969480853276
831,0.7912930378305904,-1.6187626941274627,1.0468338801610573,-1.2674202643981891
832,1.4316303897789902,1.3354915614774534,0.7461067291713083,-0.34033809919426594
833,0.3165714902218401,-3.1265551551083264,1.3237877063210457,-2.51480027076281
834,1.2718771807273872,0.8299987319127952,0.9272233875717129,0.004658929546679125
835,1.0614398672893859,0.85742919511291,-0.619451157707559,-0.7009675694509052
836,1.811601918917746,1.6627043129749872,1.5370168136449769,1.373355458782695
837,1.2108785156211292,0.6932973671695809,-0.48466577757726603,0.839123609837144
838,2.6048568976692574,2.9416959662818,1.118069067188992,2.732580810652054
839,4.154876935184164,4.027554025423581,3.1775132406734103,5.450831768694465
840,0.763692337441975,-0.7770716981013263,-0.2964126435937289,-1.9552931398200233
841,1.9904536498772258,1.2669444733892923,-0.6522383033796413,1.5176884128100636
842,0.4427622327920891,-1.9974369959510623,0.7684739981281624,-2.167329329062038
843,0.8258374464349525,-0.4838536548906462,2.271365592879272,-0.9243536963085455
844,0.49581322822075935,-2.2183990854164755,1.9860231470172505,-1.9222932114507483
845,1.277080654430635,-0.18264709717712907,-0.2189856893770793,-0.14073250763349898
846,1.5939335641285948,1.1486142645930408,0.2499556324266266,1.3828214256839377
847,1.0910637989711214,0.4525884180058781,-0.6587366644588826,-0.9543070300467369
848,0.44118046815994655,-2.789139498872868,-0.3121075996370912,-3.0059575864582913
849,0.5528172031917581,-1.4639440667002337,0.2542804983503552,-1.5381747071778982
850,0.23519400580917899,-4.536827051047258,0.9393538127283548,-4.849569567987285
851,0.287669512720339,-3.458342987126549,0.9023775957879058,-4.397435446681358
852,0.33613360854897095,-2.7153736006436344,3.3081351600462607,-3.024487823397327
853,0.7254616152618991,-1.4524291136936849,-0.4648312875767431,-0.710816031853779
854,1.7042184656687085,1.3816385778998999,0.5193468452686968,0.7686310993587235
855,9.346794283772189,6.687451072894195,1.0620618918834546,6.876404438628631
856,1.1391122505772704,0.2259066933217134,0.4882604115602854,0.6051436751140276
857,2.283583575737582,2.496565869942497,-0.6687735212310095,2.4437914239577303
858,1.2572212133409912,0.4820177526311529,2.052138106515801,0.8357541168133029
859,0.7257511936645126,-0.8907887374783785,1.756190851696128,-0.1348284429508504
860,0.32800997442717955,-3.8767329476908103,1.1794717219698456,-3.045417824261008
861,0.5961368310753585,-2.0000385344770635,-1.2355669923373798,-2.6417529636668853
862,1.1785423763372638,0.45421051619666086,0.6162362019684678,-0.15330448462251722
863,2.571228266603357,2.5411389121645636,-0.1917290523037255,2.382145269689452
864,1.1245066553509246,0.4580658496797739,1.6216152043329783,0.9149585079023212
865,0.5796340629185127,-1.5928642706060154,1.5382486680140148,-1.5453800242459477
866,1.0896560160584408,-0.1298822393013887,0.046719459707513566,-0.3132843290956718
867,0.44692176549017654,-2.3433214477987083,0.21316796942361554,-2.686065681135506
868,0.8510910269599729,-0.810185578865579,-0.3401389185815664,-0.7725212301651411
869,2.4382881770872964,2.3408608951911916,-1.5189993142718734,2.908015758474299
870,0.7887515659918632,-0.2223965854055455,-0.6407105284232717,-1.6530102930771184
871,1.5618600115036858,1.889145358447275,1.5671826018203845,1.6025604973383356
872,0.6991260807395413,-0.6948733750134604,0.115684587694947,-0.2431878721645982
873,1.7210459035692593,0.9213160900927165,-0.9550323803767755,1.55467860597622
874,0.7924426331972729,-0.7670427086357419,0.9734789747017262,-0.467600003311012
875,0.4218867548366422,-1.9683357647229915,0.18744531163492634,-3.370828749809739
876,0.7438009269565105,-0.616266589587249,0.7631601548201096,-0.6271258206882596
877,3.379931145117031,3.262394064140053,0.3817031887242268,4.012750247360345
878,2.8167504379080617,2.815324521022201,-0.7414646152688453,2.8456785112172627
879,1.6625824223525962,1.0183514321863918,-1.3822403685668472,0.43877116114746817
880,1.5896270268446586,0.8563822178148722,-1.0081366942851557,1.5722263746703322
881,2.9780548209564714,3.18144278684021,1.8043997017141862,3.3422253236363133
882,0.878147551864195,-0.6316724308129392,-1.4525514245791427,-0.5792263760781334
883,2.1348743549604814,1.9415398638862764,1.9257273635494423,2.1536090096189384
884,0.35623521831737215,-3.1792513902607955,1.0111928921893276,-2.0739226065957714
885,1.21869311354996,1.0901822949566011,1.3003967427902245,0.062283999722411165
886,1.90990042566383,1.5396092526446068,1.8548741293442945,2.020603699203943
887,1.1979381732229222,0.7366435559140295,-0.20029019231141187,1.0137210304918498
888,0.9987020455249385,-0.07508137693121497,0.10415841599807563,-0.6585566833506449
889,0.38877370145099205,-3.222608371957266,1.0388374390247708,-3.347361950722152
890,1.196989301953797,0.10287724156867128,-0.19173276843668896,-0.5328597742661552
891,1.0853852841291383,0.048028067745875765,-0.5353731784925644,0.7981470035666131
892,0.31979975082876994,-3.4073375164448216,1.5235869544731993,-4.54491747773012
893,2.6574404713895228,2.783387460072315,1.290551697763489,3.5134167175618742
894,2.333782518089193,1.5094018874525652,0.22777365132394628,1.3309640755310905
895,0.45872218857514696,-2.5784525252158867,0.6940718397656389,-3.6536255381962297
896,1.3773280921188664,0.12320714431863936,-1.9468727812331563,-0.36137272976625
897,1.559409750437895,1.279525715957844,0.7315833725387196,0.9807257741297271
898,2.8343406479587485,3.376659661495826,0.4051599253911915,2.0641293894275003
899,0.9498549016426016,-0.5695980907197975,-0.5103739752213212,-0.34371276715732835
900,1.62380629244131,1.7753064971698973,1.2228046982901843,2.3959865183004254
901,0.5832718366745789,-1.574822803023428,0.9501026149430873,-2.1323378451389114
902,1.3991658639484483,0.3052518095568033,0.05243552445031191,0.23093457113536098
903,0.947141412296203,-0.327600839967379,-0.9200598136835898,-0.4810513575718122
904,1.133669173935777,0.6455735286127985,1.4315907948785414,-0.08246597771791042
905,0.3904131663219765,-3.3556315320160515,-0.23886216944103233,-2.6776377338684165
906,3.1068295504389956,3.5944888498622505,-0.45845601547497794,3.0842904874810038
907,0.24087582514092654,-4.480278385759748,0.38381641853745235,-3.8637524418216485
908,1.634248052717357,1.4353748000993585,0.6062214642469166,1.0424303282146405
909,1.0331250202120552,-0.1385471330466763,0.38380694902615997,0.3079421650618134
910,0.8323175332100632,-0.959299189953538,-0.02978274705210604,0.0028774702382481365
911,0.5283171514049518,-2.3588848997305147,-1.7055948799577698,-2.631206789138341
912,0.6289920565181578,-1.3865863782131473,1.1266463929900912,-1.0593215408911953
913,1.1436443097495963,0.6993926740580387,2.048970856501719,1.0448334942813011
914,0.8893403265746336,-0.13548099573571717,2.2741315464887957,-1.3424875488216956
915,2.6781931744449574,2.8221398146375574,-0.16351876555726164,2.9953297487394392
916,0.5869127762634392,-1.3899026413432898,0.9905592827253991,-0.9935025987462736
917,2.321754048603643,1.992013270467391,0.12044810469496325,2.1925602791760173
918,1.9423409387366524,1.3606581024511555,-0.4830558089428705,1.6350341265943586
919,1.836939425237341,1.8674433301487052,0.42142799067646586,1.3973380699986122
920,1.1864443080012257,0.7574369266240429,1.0816533703766438,0.9592648641986996
921,1.5609417007127568,0.9814109018344188,0.2878442486064559,0.22800490521681072
922,0.8808892637302064,-0.4000649761879724,0.19795588683298487,-0.9629247955781328
923,1.6213852846699675,0.9761305003748644,1.2035661762398009,1.8004486148093588
924,0.2349722543411752,-4.5210693187782045,2.214557727383354,-3.14375644634299
925,1.3833928582080737,0.952246658918139,0.45689160407984636,0.8875543325187535
926,0.8507461717508787,-0.8174073144914602,0.7438305115452071,-0.6525144653857673
927,2.1808263059700144,1.6801783779168762,-0.12426735647762066,2.799205931847543
928,1.028770026719431,-0.3865219523410663,0.353817783956372,0.17350391425419592
929,2.8786881806570266,3.3240546121833594,-1.6757386487512576,3.5257149257846203
930,0.476224789592885,-2.500718394717208,1.2609860432780193,-2.8828310158683803
931,2.5404644370546374,3.3390113683267937,0.785204405017742,2.621555155122966
932,0.6002975092084422,-1.7745479444519343,2.1380140745381433,-0.8670544196459277
933,0.3476426310414149,-3.669177339023937,-0.39862775872469547,-3.249467777130647
934,0.402754670837163,-2.80602218085492,-0.7597488806692967,-2.557206037332882
935,2.7589091653580864,3.150456662419764,1.9262680145310505,3.1646800575584124
936,1.470440802217153,1.0250406073177176,1.8793699142332116,2.1675694814943176
937,1.2877435161661883,1.040288622050696,2.5867277767297723,1.1799402175245157
938,2.885902338027486,3.6010572876823357,0.19580508252525297,2.963901697669084
939,1.137814031620258,-0.3166987548925668,-0.4352669024503498,0.5109443476858675
940,0.8594252943759374,0.24710936515497137,2.455306824201716,-0.11730271235313747
941,1.2000508131341239,0.22673054708698673,0.4877937961257848,0.5442806285592173
942,1.8450536376552147,1.5050236640448194,-1.0732371680622712,1.4718949489480906
943,0.7269961076831443,-1.3816052314365814,-0.3660700077508944,-1.5513765876275327
944,1.0678422511479657,-0.3211549491882211,-2.020631011841736,-0.3391832058601623
945,1.5654318664510825,1.0744722234198203,2.1024689291650014,1.048629155352069
946,1.7196665977368542,1.1162367699442244,-1.0155697618513764,2.5011034483672923
947,0.7768904145600911,-0.6994277674177328,-0.9436515165332082,-0.8189008107580305
948,1.5849202862738527,1.3113305866117246,2.842643956349097,1.6494708360792347
949,0.7756193404351621,-0.4959253065816198,0.8496721320418743,-0.4301663054355603
950,1.851149784138332,1.9374370580736082,3.3628600222865215,1.284616195616484
951,0.3471709857532884,-2.870593907500245,0.1567233128559521,-3.093955404865619
952,1.1245022166045757,0.9042839385284445,0.769844962655723,0.7739971157353636
953,0.40989671276064676,-3.654857193839587,-0.758755640929123,-2.0876499960774053
954,0.7567068299086456,-0.6860593289945609,0.8646259920985796,-0.744847933299699
955,0.18644766650417885,-5.151178424658423,0.06148282705708735,-5.458100493175752
956,1.493748836218048,0.7286728262428497,-0.6428147237266735,1.7775075430946463
957,0.8898597195120315,-0.9165933619438813,-0.27091416832729287,-0.5185310203717405
958,0.8098789503013825,-0.4949340691135629,0.9796454481203021,-1.2744503769954054
959,1.461859245348142,0.9635745622956956,0.7880852854416872,1.4885022329009756
960,0.8712292573830018,-0.8438365344284888,1.7986071222613957,0.13988888689632983
961,0.860673548852445,-0.529516411564072,0.7241681853129598,-0.24876557180615988
962,1.5648294095483342,0.754317031998359,0.9766965682034026,1.7107537494164866
963,1.5114405356249752,0.7691559322121317,1.3781779053294407,1.3808514824778042
964,0.35693648584759724,-2.7623570149863803,-0.11357123946980552,-2.891353368643398
965,0.6111103169006106,-1.7743107616482305,0.5614931220479443,-2.3966699075801743
966,2.0585246506845922,1.1569119943224926,0.7579205272213527,2.5422880116355886
967,2.1509519796722554,2.1150977071600208,1.4084881662893471,1.6497216287567027
968,3.037405417067211,3.387881546681734,-1.008642872491949,3.6809540216130654
969,0.7714273196431718,-0.3207528812948734,-0.4764735745945379,-0.6311735930057683
970,2.114537104168994,1.7273027026554488,1.020873781485808,1.1123480742613086
971,0.562261871207759,-0.9172442549252018,1.561194519001528,-1.7687179626117981
972,1.821100112822741,1.3042176041521314,-0.018045533235761302,1.4293682599045767
973,0.7927433026227647,-0.13527646511182864,2.5448746903361092,-0.9522221291403961
974,1.3683150012007381,0.6773775174356637,0.6275901896531539,1.5867772875456878
975,1.3095192864897525,0.41174815540715437,0.17603815462576683,1.4369212506182985
976,2.3711680412687515,2.4677407853082154,0.14485919767089855,1.8005575568837484
977,0.541212522569087,-2.351831913621465,1.2238301964832319,-2.139482666783337
978,0.8290447967265655,-0.6319787196581813,1.780454641153375,-0.3148996295364118
979,0.42456829558099857,-2.786450526177482,-1.051029323582946,-3.394959358323044
980,1.627892631032162,1.037267447504636,-0.4710301408365847,0.28172570498731053
981,0.728162735716059,-1.454415943833783,0.29868362193323506,0.08586033656728764
982,0.5552960709421885,-1.6968293833682366,-0.06197136180134821,-3.0842683952711267
983,1.6517076352588906,1.0411854958169493,-1.3437476253806566,2.1121966870994724
984,1.3373389403780913,0.31584066137357864,-0.915200467068777,-0.12363846644880966
985,1.4455264179285416,0.7354969550507828,0.06888213415492367,0.6295793351868016
986,0.6553328746721131,-1.1013649929807194,1.2052445257382094,-2.235629027102513
987,2.8197713371521647,2.095053903641707,-0.29362731624316285,2.088515731563312
988,0.8438831405600171,-0.73894788263596,0.39606933554197843,-1.1172962414381329
989,0.5556532725873999,-1.6887020702622288,3.035982222299911,-2.3204896720076293
990,2.2552819139572575,2.9010856268461445,0.6336793281400769,2.2625760712925653
991,0.5032869991219325,-2.558236500160619,1.1323788693104082,-1.572346191883789
992,1.140063712027474,0.43059458751584273,2.8979549005883904,1.2043171390837446
993,1.650566449092953,0.6341120254481919,0.5620462409629489,0.7970579416888853
994,1.0422533364185194,-0.24052229481118337,1.1730610962991082,1.1022629173740648
995,0.4105427041104414,-2.6712696692554565,2.410811275738174,-2.7983694519269453
996,1.028976156318249,0.20415170216394227,0.513122819884056,0.13260309232880504
997,1.6199319343715533,1.844980552489752,0.37307280946682725,1.489964426562847
998,0.7392888093214292,-0.9904023878013903,1.0581343646497818,-1.1703452284370734
999,0.819806853853503,-1.2475317395540677,-0.4452493181760586,-0.6851588721063399
